full_text,username,original_text,processed_text,sentiment,confidence
Jika Indonesia sudah pindah ke ibu kota Nusantara maka mewacanakan satu zona waktu. Karena mengikuti posisi waktu IKN di waktu Indonesia bagian tengah. Jadi Indonesian Standard Time (IST). https://t.co/IRpNQI3wni,Wiligis_W11,Jika Indonesia sudah pindah ke ibu kota Nusantara maka mewacanakan satu zona waktu. Karena mengikuti posisi waktu IKN di waktu Indonesia bagian tengah. Jadi Indonesian Standard Time (IST). https://t.co/IRpNQI3wni,jika indonesia sudah pindah ke ibu kota nusantara maka mewacanakan satu zona waktu karena mengikuti posisi waktu ikn di waktu indonesia bagian tengah jadi indonesian standard time ist,Negative,0.9300792813301086
Pembangunan yang terus dilakukan di wilayah Ibu Kota Nusantara (IKN) menyebabkan kebutuhan tanah yang meningkat. https://t.co/kHAbtaapCW,kantahkotsabang,Pembangunan yang terus dilakukan di wilayah Ibu Kota Nusantara (IKN) menyebabkan kebutuhan tanah yang meningkat. https://t.co/kHAbtaapCW,pembangunan yang teru dilakukan di wilayah ibu kota nusantara ikn menyebabkan kebutuhan tanah yang meningkat,Negative,0.92351233959198
Persembahan spesial untuk Indonesia! Saksikan Ibu Kota Nusantara (IKN) - Official Music Video lagu penuh semangat yang menggambarkan harapan baru di jantung negeri. Tonton sekarang! üáÆüá© #IKN #MusikIndonesia https://t.co/rWVY4dHam0,EsterKandar,Persembahan spesial untuk Indonesia! Saksikan Ibu Kota Nusantara (IKN) - Official Music Video lagu penuh semangat yang menggambarkan harapan baru di jantung negeri. Tonton sekarang! üáÆüá© #IKN #MusikIndonesia https://t.co/rWVY4dHam0,persembahan spesial untuk indonesia saksikan ibu kota nusantara ikn offici music video lagu penuh semangat yang menggambarkan harapan baru di jantung negeri tonton sekarang,Negative,0.980504035949707
Otorita Ibu Kota Nusantara (OIKN) mengungkapkan Istana Garuda dan Jalan Tol Akses IKN diusulkan oleh Menteri Pekerjaan Umum (PU) Dody Hanggodo untuk diresmikan oleh Presiden Prabowo Subianto pada 2025. https://t.co/gO5EOnvYqa,antaranews,Otorita Ibu Kota Nusantara (OIKN) mengungkapkan Istana Garuda dan Jalan Tol Akses IKN diusulkan oleh Menteri Pekerjaan Umum (PU) Dody Hanggodo untuk diresmikan oleh Presiden Prabowo Subianto pada 2025. https://t.co/gO5EOnvYqa,otorita ibu kota nusantara oikn mengungkapkan istana garuda dan jalan tol aks ikn diusulkan oleh menteri pekerjaan umum pu dodi hanggodo untuk diresmikan oleh presiden prabowo subianto pada 2025,Negative,0.9877839684486389
@DedynurPalakka JOKOWI LAGI NGENTOT SAMA IRIANA DI DEPAN IBU KOTA NUSANTARA,brows24077,@DedynurPalakka JOKOWI LAGI NGENTOT SAMA IRIANA DI DEPAN IBU KOTA NUSANTARA,jokowi lagi ngentot sama iriana di depan ibu kota nusantara,Negative,0.9599381685256958
@kapal_lawdd ibu kota nusantara,perkarasipil,@kapal_lawdd ibu kota nusantara,ibu kota nusantara,Positive,0.8115950226783752
TNI Angkatan Udara (TNI AU) bakal memperkuat sistem pertahanan udara di Ibu Kota Nusantara (IKN) dengan menghadirkan artileri pertahanan udara (arhanud) yakni rudal jenis baru. | #TNIAU #Rudal #IKN https://t.co/foQZsgWBgY,kompascom,TNI Angkatan Udara (TNI AU) bakal memperkuat sistem pertahanan udara di Ibu Kota Nusantara (IKN) dengan menghadirkan artileri pertahanan udara (arhanud) yakni rudal jenis baru. | #TNIAU #Rudal #IKN https://t.co/foQZsgWBgY,tni angkatan udara tni au bakal memperkuat sistem pertahanan udara di ibu kota nusantara ikn dengan menghadirkan artileri pertahanan udara arhanud yakni rudal jeni baru,Negative,0.9923456311225891
 Ibu Kota Nusantara (IKN) - Official Music Video Nikmati harmoni budaya &amp,, Ibu Kota Nusantara (IKN) - Official Music Video Nikmati harmoni budaya &amp,ibu kota nusantara ikn offici music video nikmati harmoni budaya amp,Negative,0.9904941916465759
Ibu Kota Nusantara (IKN) jadi primadona wisata selama libur Natal dan Tahun Baru 2024-2025! #IKN #IbuKotaNusantara #WisataIKN #LiburNataru #MasaDepanIndonesia #IKNDestinasiWisata #IKN2024 #PesonaKalimantan #IndonesiaMaju #VisitIKN #Ayobacanews https://t.co/5OJztXKrOa,ayobacanews,Ibu Kota Nusantara (IKN) jadi primadona wisata selama libur Natal dan Tahun Baru 2024-2025! #IKN #IbuKotaNusantara #WisataIKN #LiburNataru #MasaDepanIndonesia #IKNDestinasiWisata #IKN2024 #PesonaKalimantan #IndonesiaMaju #VisitIKN #Ayobacanews https://t.co/5OJztXKrOa,ibu kota nusantara ikn jadi primadona wisata selama libur natal dan tahun baru 20242025,Negative,0.9176971316337585
Taman Safari dan Investor Theme Park Siap Masuk Ibu Kota Nusantara https://t.co/yo30el1dzL,pradanaMedia,Taman Safari dan Investor Theme Park Siap Masuk Ibu Kota Nusantara https://t.co/yo30el1dzL,taman safari dan investor theme park siap masuk ibu kota nusantara,Neutral,0.6148794889450073
Ibu Kota Nusantara (IKN) kini menjadi primadona wisata terutama selama libur Natal dan Tahun Baru 2024-2025. Peningkatan jumlah wisatawan yang datang ke Kalimantan Timur terlihat drastis dengan pengunjung yang memadati rest area IKN di Sepaku Kabupaten Penajam Paser Utara. https://t.co/A3XQTSsALV,Beritasatu,Ibu Kota Nusantara (IKN) kini menjadi primadona wisata terutama selama libur Natal dan Tahun Baru 2024-2025. Peningkatan jumlah wisatawan yang datang ke Kalimantan Timur terlihat drastis dengan pengunjung yang memadati rest area IKN di Sepaku Kabupaten Penajam Paser Utara. https://t.co/A3XQTSsALV,ibu kota nusantara ikn kini menjadi primadona wisata terutama selama libur natal dan tahun baru 20242025 peningkatan jumlah wisatawan yang datang ke kalimantan timur terlihat drasti dengan pengunjung yang memadati rest area ikn di sepaku kabupaten penajam paser utara,Negative,0.9841931462287903
@_bsutanto @DokterTifa @prabowo isep aj broh yaman suka kayanya,Nusantara2025,@_bsutanto @DokterTifa @prabowo isep aj broh yaman suka kayanya,isep aj broh yaman suka kayanya,Negative,0.873866856098175
Kepala Otorita Ibu Kota Nusantara (IKN) Basuki Hadimuljono bicara tentang minat investor yang akan segera masuk ke IKN. https://t.co/KUxED5nhrk,detikfinance,Kepala Otorita Ibu Kota Nusantara (IKN) Basuki Hadimuljono bicara tentang minat investor yang akan segera masuk ke IKN. https://t.co/KUxED5nhrk,kepala otorita ibu kota nusantara ikn basuki hadimuljono bicara tentang minat investor yang akan segera masuk ke ikn,Negative,0.9725027084350586
Memasuki awal tahun 2025 rencananya akan dilangsungkan prosesi peletakan batu pertama atau groundbreaking di Ibu Kota Nusantara (IKN). https://t.co/NxWdZRCvpy,detikfinance,Memasuki awal tahun 2025 rencananya akan dilangsungkan prosesi peletakan batu pertama atau groundbreaking di Ibu Kota Nusantara (IKN). https://t.co/NxWdZRCvpy,memasuki awal tahun 2025 rencananya akan dilangsungkan prosesi peletakan batu pertama atau groundbreak di ibu kota nusantara ikn,Negative,0.956710159778595
Kaleidoskop 2024 Dalam Negeri IKN (Ibu Kota Nusantara) di Kalimantan Timur masih sorotan utama. Perkiraan habiskan anggaran Rp466 triliun. Sampai saat ini sdh habiskan anggaran Rp140 7 triliun. Semula diinfokan ke publik anggarannya bersumber dari swasta. Faktanya dari APBN https://t.co/WqsaHS774R,musniumar_,Kaleidoskop 2024 Dalam Negeri IKN (Ibu Kota Nusantara) di Kalimantan Timur masih sorotan utama. Perkiraan habiskan anggaran Rp466 triliun. Sampai saat ini sdh habiskan anggaran Rp140 7 triliun. Semula diinfokan ke publik anggarannya bersumber dari swasta. Faktanya dari APBN https://t.co/WqsaHS774R,kaleidoskop 2024 dalam negeri ikn ibu kota nusantara di kalimantan timur masih sorotan utama perkiraan habiskan anggaran rp466 triliun sampai saat ini sdh habiskan anggaran rp140 triliun semula diinfokan ke publik anggarannya bersumb dari swasta faktanya dari apbn,Negative,0.97487872838974
Mimin mau spill ke kalian nihh progress Traning Centre PSSI di Ibu Kota Nusantara - Kalimantan Timur! #ADHIIKN #PSSIIKN #ADHIIKNTrainingCentre https://t.co/7iMJtRJLv9,electrizen_trk,Mimin mau spill ke kalian nihh progress Traning Centre PSSI di Ibu Kota Nusantara - Kalimantan Timur! #ADHIIKN #PSSIIKN #ADHIIKNTrainingCentre https://t.co/7iMJtRJLv9,mimin mau spill ke kalian nihh progress trane centr pssi di ibu kota nusantara kalimantan timur,Negative,0.9743073582649231
PLN berhasil merampungkan 3 (tiga) infrastruktur bertegangan tinggi untuk menopang sistem kelistrikan Ibu Kota Negara (IKN) Nusantara. Ketiga infrastruktur dengan realisasi Tingkat Komponen Dalam Negeri sebesar 67 29%. #PLNHUBIKN #PLNSukseskanIKN https://t.co/dMVdttY1yp,electrizen_trk,PLN berhasil merampungkan 3 (tiga) infrastruktur bertegangan tinggi untuk menopang sistem kelistrikan Ibu Kota Negara (IKN) Nusantara. Ketiga infrastruktur dengan realisasi Tingkat Komponen Dalam Negeri sebesar 67 29%. #PLNHUBIKN #PLNSukseskanIKN https://t.co/dMVdttY1yp,pln berhasil merampungkan tiga infrastruktur bertegangan tinggi untuk menopang sistem kelistrikan ibu kota negara ikn nusantara ketiga infrastruktur dengan realisasi tingkat komponen dalam negeri sebesar 67 29,Negative,0.9575325846672058
Rusun ASN di Ibu Kota Nusantara Hampir Selesai Dukung Pemerintahan Modern di Kalimantan Timur! https://t.co/2vvr7ZIEeX,beritatrencom,Rusun ASN di Ibu Kota Nusantara Hampir Selesai Dukung Pemerintahan Modern di Kalimantan Timur! https://t.co/2vvr7ZIEeX,rusun asn di ibu kota nusantara hampir selesai dukung pemerintahan modern di kalimantan timur,Negative,0.8352935314178467
Infrastruktur di IKN Halo #SobatBUMN! Sinergi PT Wijaya Karya (Persero) Tbk (WIKA) dengan BUMN Karya salurkan bantuan Pendidikan di Ibu Kota Nusantara (IKN) mulai dari beasiswa sarana dan prasarana sekolah serta memajukan infrastruktur di IKN pada Jumat (4/10/2024).,bjkterpercaya1,Infrastruktur di IKN Halo #SobatBUMN! Sinergi PT Wijaya Karya (Persero) Tbk (WIKA) dengan BUMN Karya salurkan bantuan Pendidikan di Ibu Kota Nusantara (IKN) mulai dari beasiswa sarana dan prasarana sekolah serta memajukan infrastruktur di IKN pada Jumat (4/10/2024).,infrastruktur di ikn halo sinergi pt wijaya karya persero tbk wika dengan bumn karya salurkan bantuan pendidikan di ibu kota nusantara ikn mulai dari beasiswa sarana dan prasarana sekolah serta memajukan infrastruktur di ikn pada jumat 4102024,Negative,0.9869415163993835
Otoritas Ibu Kota Nusantara (OIKN) menjelaskan bahwa kereta tanpa rel atau Autonomous Rail Transit (ART) yang diproduksi China Railway Rolling Stock Corporation (CRRC) akan dikembalikan. https://t.co/qldk2ly0QM,JavanicaPost,Otoritas Ibu Kota Nusantara (OIKN) menjelaskan bahwa kereta tanpa rel atau Autonomous Rail Transit (ART) yang diproduksi China Railway Rolling Stock Corporation (CRRC) akan dikembalikan. https://t.co/qldk2ly0QM,otorita ibu kota nusantara oikn menjelaskan bahwa kereta tanpa rel atau autonom rail transit art yang diproduksi china railway roll stock corpor crrc akan dikembalikan,Negative,0.987984299659729
@Bambangc5563 Betul. Selama belum layak jadi ibu kota dan lengkap sarana pemerintahannya jangan grusa grusu teken keppres. Kalau ada aktivitas negara nanti cost nya mahal sebab harus wara wiri Jakarta - Nusantara,Kimberley_PS08,@Bambangc5563 Betul. Selama belum layak jadi ibu kota dan lengkap sarana pemerintahannya jangan grusa grusu teken keppres. Kalau ada aktivitas negara nanti cost nya mahal sebab harus wara wiri Jakarta - Nusantara,betul selama belum layak jadi ibu kota dan lengkap sarana pemerintahannya jangan grusa grusu teken keppr kalau ada aktivita negara nanti cost nya mahal sebab haru wara wiri jakarta nusantara,Negative,0.9929288029670715
Investasi RRT di Indonesia tentu tidak hanya dana tapi biasanya ada 'ikutannya'. |China Jadi Salah Satu Investor Utama Proyek Ibu Kota Nusantara https://t.co/6qlDEOzJLH,Dogelkarya76_82,Investasi RRT di Indonesia tentu tidak hanya dana tapi biasanya ada 'ikutannya'. |China Jadi Salah Satu Investor Utama Proyek Ibu Kota Nusantara https://t.co/6qlDEOzJLH,investasi rrt di indonesia tentu tidak hanya dana tapi biasanya ada ikutannya china jadi salah satu investor utama proyek ibu kota nusantara,Negative,0.9803376197814941
@iEarthne Ibu kota nusantara,mkleemineral,@iEarthne Ibu kota nusantara,ibu kota nusantara,Positive,0.8115950226783752
@DokterTifa @prabowo itu org atau bij anj,Nusantara2025,@DokterTifa @prabowo itu org atau bij anj,itu org atau bij anj,Negative,0.9895108342170715
Berapakah kebocoran anggaran negara yg dikorupsi di IKN.....Kementerian Pekerjaan Umum Ungkapkan Pembangunan Ibu Kota Nusantara atau IKN di Kalimantan Timur telah Capai Kemajuan Signifikan Simak! https://t.co/wHp9ekC5p2,agungtriat53466,Berapakah kebocoran anggaran negara yg dikorupsi di IKN.....Kementerian Pekerjaan Umum Ungkapkan Pembangunan Ibu Kota Nusantara atau IKN di Kalimantan Timur telah Capai Kemajuan Signifikan Simak! https://t.co/wHp9ekC5p2,berapakah kebocoran anggaran negara yg dikorupsi di iknkementerian pekerjaan umum ungkapkan pembangunan ibu kota nusantara atau ikn di kalimantan timur telah capai kemajuan signifikan simak,Negative,0.9832388162612915
Pemindahan Ibu Kota ke IKN Nusantara Kebutuhan Pemerataan Pembangunan. https://t.co/bKYyRYoNq7,LesterFarhan,Pemindahan Ibu Kota ke IKN Nusantara Kebutuhan Pemerataan Pembangunan. https://t.co/bKYyRYoNq7,pemindahan ibu kota ke ikn nusantara kebutuhan pemerataan pembangunan,Negative,0.9275050759315491
Menteri Koordinator Infrastruktur dan Pembangunan Kewilayahan Agus Harimurti Yudhoyono (AHY) mengungkapkan arahan Presiden Prabowo Subianto terkait pembangunan Ibu Kota Nusantara (IKN). #IndonesiaEmas2045 #SmartCity #KotaModern #IndonesiaMaju #KotaMasaDepan¬†#PembangunanIKN https://t.co/Ig9kViy1qJ,orangalimbanget,Menteri Koordinator Infrastruktur dan Pembangunan Kewilayahan Agus Harimurti Yudhoyono (AHY) mengungkapkan arahan Presiden Prabowo Subianto terkait pembangunan Ibu Kota Nusantara (IKN). #IndonesiaEmas2045 #SmartCity #KotaModern #IndonesiaMaju #KotaMasaDepan¬†#PembangunanIKN https://t.co/Ig9kViy1qJ,menteri koordin infrastruktur dan pembangunan kewilayahan agu harimurti yudhoyono ahi mengungkapkan arahan presiden prabowo subianto terkait pembangunan ibu kota nusantara ikn,Negative,0.9404004216194153
Menteri Koordinator Infrastruktur dan Pembangunan Kewilayahan Agus Harimurti Yudhoyono (AHY) mengungkapkan arahan Presiden Prabowo Subianto terkait pembangunan Ibu Kota Nusantara (IKN). #IbuKotaNegaraNusantara #IKN #IKNNusantara #IndonesiaEmas2045 #SmartCity #KotaModern https://t.co/vQgDr5xrcs,orangalimbanget,Menteri Koordinator Infrastruktur dan Pembangunan Kewilayahan Agus Harimurti Yudhoyono (AHY) mengungkapkan arahan Presiden Prabowo Subianto terkait pembangunan Ibu Kota Nusantara (IKN). #IbuKotaNegaraNusantara #IKN #IKNNusantara #IndonesiaEmas2045 #SmartCity #KotaModern https://t.co/vQgDr5xrcs,menteri koordin infrastruktur dan pembangunan kewilayahan agu harimurti yudhoyono ahi mengungkapkan arahan presiden prabowo subianto terkait pembangunan ibu kota nusantara ikn,Negative,0.9404004216194153
Menteri Koordinator Infrastruktur dan Pembangunan Kewilayahan Agus Harimurti Yudhoyono (AHY) mengungkapkan arahan Presiden Prabowo Subianto terkait pembangunan Ibu Kota Nusantara (IKN). #IbuKotaNegaraNusantara #IKN #IKNNusantara #IndonesiaEmas2045 #SmartCity #KotaModern https://t.co/jaioSVetVT,orangalimbanget,Menteri Koordinator Infrastruktur dan Pembangunan Kewilayahan Agus Harimurti Yudhoyono (AHY) mengungkapkan arahan Presiden Prabowo Subianto terkait pembangunan Ibu Kota Nusantara (IKN). #IbuKotaNegaraNusantara #IKN #IKNNusantara #IndonesiaEmas2045 #SmartCity #KotaModern https://t.co/jaioSVetVT,menteri koordin infrastruktur dan pembangunan kewilayahan agu harimurti yudhoyono ahi mengungkapkan arahan presiden prabowo subianto terkait pembangunan ibu kota nusantara ikn,Negative,0.9404004216194153
Menteri Koordinator Infrastruktur dan Pembangunan Kewilayahan Agus Harimurti Yudhoyono (AHY) mengungkapkan arahan Presiden Prabowo Subianto terkait pembangunan Ibu Kota Nusantara (IKN). #IbuKotaNegaraNusantara #IKN #IKNNusantara #IndonesiaEmas2045 #SmartCity #KotaModern https://t.co/QQPDBdbEWP,orangalimbanget,Menteri Koordinator Infrastruktur dan Pembangunan Kewilayahan Agus Harimurti Yudhoyono (AHY) mengungkapkan arahan Presiden Prabowo Subianto terkait pembangunan Ibu Kota Nusantara (IKN). #IbuKotaNegaraNusantara #IKN #IKNNusantara #IndonesiaEmas2045 #SmartCity #KotaModern https://t.co/QQPDBdbEWP,menteri koordin infrastruktur dan pembangunan kewilayahan agu harimurti yudhoyono ahi mengungkapkan arahan presiden prabowo subianto terkait pembangunan ibu kota nusantara ikn,Negative,0.9404004216194153
@ramaArsy1 kbnykan drama juga lama2 boring,Nusantara2025,@ramaArsy1 kbnykan drama juga lama2 boring,kbnykan drama juga lama2 bore,Negative,0.9984754920005798
Pemindahan Ibu Kota ke IKN Nusantara Kebutuhan Pemerataan Pembangunan https://t.co/sYIIAha5IU,PesonaNegeriku2,Pemindahan Ibu Kota ke IKN Nusantara Kebutuhan Pemerataan Pembangunan https://t.co/sYIIAha5IU,pemindahan ibu kota ke ikn nusantara kebutuhan pemerataan pembangunan,Negative,0.9275050759315491
Warisan Presiden RI ke-7 Jokowi kini mulai berbuah manis. Salah satunya progres pembangunan mega proyek Ibu Kota Nusantara (IKN) Tahap 1 per 13 Desember 2024 telah mencapai 96 persen atau nyaris rampung. https://t.co/gCGd9W0dop,bengkeldodo,Warisan Presiden RI ke-7 Jokowi kini mulai berbuah manis. Salah satunya progres pembangunan mega proyek Ibu Kota Nusantara (IKN) Tahap 1 per 13 Desember 2024 telah mencapai 96 persen atau nyaris rampung. https://t.co/gCGd9W0dop,warisan presiden ri ke7 jokowi kini mulai berbuah mani salah satunya progr pembangunan mega proyek ibu kota nusantara ikn tahap per 13 desemb 2024 telah mencapai 96 persen atau nyari rampung,Negative,0.9477076530456543
Ibu Kota Nusantara Kalimantan Timur (2022) https://t.co/ME8RzNN1oL,PrabuAtmadja,Ibu Kota Nusantara Kalimantan Timur (2022) https://t.co/ME8RzNN1oL,ibu kota nusantara kalimantan timur 2022,Positive,0.9358037114143372
#FOTO Rumah susun ASN di Ibu Kota Nusantara hampir rampung dibangun. Bangunannya terlihat modern dan fungsional. Simak potret lengkapnya di sini. &gt,,#FOTO Rumah susun ASN di Ibu Kota Nusantara hampir rampung dibangun. Bangunannya terlihat modern dan fungsional. Simak potret lengkapnya di sini. &gt,rumah susun asn di ibu kota nusantara hampir rampung dibangun bangunannya terlihat modern dan fungsion simak potret lengkapnya di sini gt,Negative,0.9803102612495422
Pemindahan Ibu Kota Ke IKN Nusantara Kebutuhan Pemerataan Pembangunan https://t.co/Xca1W3Ki1w,LesterFarhan,Pemindahan Ibu Kota Ke IKN Nusantara Kebutuhan Pemerataan Pembangunan https://t.co/Xca1W3Ki1w,pemindahan ibu kota ke ikn nusantara kebutuhan pemerataan pembangunan,Negative,0.9275050759315491
Desember part 3 Mumpung ke Balikpapan sekalian mampir ke Ibu Kota Nusantara 2 jam dari Bpp tapi MasyaAllah jalannya menyusuri hutan tropis kalimantan yang lgi hujan makanya berkabut. Ditambah supir bis yg sangat ahli jalan nya liuk2. https://t.co/dvQFIan1So,itsmerahayu_,Desember part 3 Mumpung ke Balikpapan sekalian mampir ke Ibu Kota Nusantara 2 jam dari Bpp tapi MasyaAllah jalannya menyusuri hutan tropis kalimantan yang lgi hujan makanya berkabut. Ditambah supir bis yg sangat ahli jalan nya liuk2. https://t.co/dvQFIan1So,desemb part mumpung ke balikpapan sekalian mampir ke ibu kota nusantara jam dari bpp tapi masyaallah jalannya menyusuri hutan tropi kalimantan yang lgi hujan makanya berkabut ditambah supir bi yg sangat ahli jalan nya liuk2,Negative,0.9960395097732544
Menyambut libur Natal dan Tahun Baru (Nataru) Otorita Ibu Kota Nusantara (IKN) memastikan kesiapan infrastruktur dan layanan guna menyambut antusiasme masyarakat yang ingin berkunjung ke Kawasan Inti Pusat Pemerintahan (KIPP) IKN. https://t.co/l0rc1QzfV1,beritalternatif,Menyambut libur Natal dan Tahun Baru (Nataru) Otorita Ibu Kota Nusantara (IKN) memastikan kesiapan infrastruktur dan layanan guna menyambut antusiasme masyarakat yang ingin berkunjung ke Kawasan Inti Pusat Pemerintahan (KIPP) IKN. https://t.co/l0rc1QzfV1,menyambut libur natal dan tahun baru nataru otorita ibu kota nusantara ikn memastikan kesiapan infrastruktur dan layanan guna menyambut antusiasm masyarakat yang ingin berkunjung ke kawasan inti pusat pemerintahan kipp ikn,Negative,0.9790506958961487
*Satgas Ops Nusantara Mahakam Intensifkan Patroli Rutin Guna Jaga Kondusivitas di Kawasan Pembangunan IKN* https://t.co/uQfYVHrjmn Sepaku Personel Satgas Operasi Nusantara Mahakam Polda Kaltim terus meningkatkan patroli keamanan di area pembangunan Ibu Kota Negara (IKN) baru. https://t.co/k0XRCOurVg,sdmresmahulu,*Satgas Ops Nusantara Mahakam Intensifkan Patroli Rutin Guna Jaga Kondusivitas di Kawasan Pembangunan IKN* https://t.co/uQfYVHrjmn Sepaku Personel Satgas Operasi Nusantara Mahakam Polda Kaltim terus meningkatkan patroli keamanan di area pembangunan Ibu Kota Negara (IKN) baru. https://t.co/k0XRCOurVg,satga op nusantara mahakam intensifkan patroli rutin guna jaga kondusivita di kawasan pembangunan ikn sepaku personel satga operasi nusantara mahakam polda kaltim teru meningkatkan patroli keamanan di area pembangunan ibu kota negara ikn baru,Negative,0.9966649413108826
Kabar Gembira Telah Terbit! Prosiding Seminar Nasional Geomatika VII 2024 (ISSN: 2614-7211) kini tersedia! Dengan tema 'Informasi Geospasial untuk Ibu Kota Nusantara' Unduh sekarang melalui tautan: https://t.co/rmpQgHsGrN Terima kasih atas partisipasi Bapak/Ibu dalam https://t.co/Km5gssKovN,InfoGeospasial,Kabar Gembira Telah Terbit! Prosiding Seminar Nasional Geomatika VII 2024 (ISSN: 2614-7211) kini tersedia! Dengan tema 'Informasi Geospasial untuk Ibu Kota Nusantara' Unduh sekarang melalui tautan: https://t.co/rmpQgHsGrN Terima kasih atas partisipasi Bapak/Ibu dalam https://t.co/Km5gssKovN,kabar gembira telah terbit prosid seminar nasion geomatika vii 2024 issn 26147211 kini tersedia dengan tema informasi geospasi untuk ibu kota nusantara unduh sekarang melalui tautan terima kasih ata partisipasi bapakibu dalam,Negative,0.9818928241729736
@mohmahfudmd Semoga menjadi berkah bagi Kedamaian Nusantara ... Bukan berkah buat Ibu kota Nusantara ya !!! Dari dulu aku nunggu kapan Rizieq Shihab cs mau ucapkan selamat natal kpd umat Nasrani ??? Apa nunggu jd Mentri dulu kali ,MahadewaDharne,@mohmahfudmd Semoga menjadi berkah bagi Kedamaian Nusantara ... Bukan berkah buat Ibu kota Nusantara ya !!! Dari dulu aku nunggu kapan Rizieq Shihab cs mau ucapkan selamat natal kpd umat Nasrani ??? Apa nunggu jd Mentri dulu kali ,semoga menjadi berkah bagi kedamaian nusantara bukan berkah buat ibu kota nusantara ya dari dulu aku nunggu kapan rizieq shihab cs mau ucapkan selamat natal kpd umat nasrani apa nunggu jd mentri dulu kali,Negative,0.9935169219970703
üáØüáµ: ibu kota Indonesia yang baru tuh Nusantara ya? : hah kok Nusantara jakarta lah Setelah search di google ternyata IKN (Ibu Kota Nusantara) Ku lupa singkatan dari IKN itu. Akibat kurang pengetahuan sama negara sendiri jadi malu kan. orang luar lebih tau Indonesia ,wrrdhnaa,üáØüáµ: ibu kota Indonesia yang baru tuh Nusantara ya? : hah kok Nusantara jakarta lah Setelah search di google ternyata IKN (Ibu Kota Nusantara) Ku lupa singkatan dari IKN itu. Akibat kurang pengetahuan sama negara sendiri jadi malu kan. orang luar lebih tau Indonesia ,ibu kota indonesia yang baru tuh nusantara ya hah kok nusantara jakarta lah setelah search di googl ternyata ikn ibu kota nusantara ku lupa singkatan dari ikn itu akibat kurang pengetahuan sama negara sendiri jadi malu kan orang luar lebih tau indonesia,Negative,0.9940922856330872
Kementerian Pekerjaan Umum (PU) akan melakukan pemasangan jembatan bailey di jalan nasional menuju Ibu Kota Nusantara atau IKN yakni Ruas Jalan Nasional Semoi Dua-Km 38 Samboja yang mengalami kerusakan akibat curah hujan tinggi. https://t.co/lTQyN8pGn3,antaranews,Kementerian Pekerjaan Umum (PU) akan melakukan pemasangan jembatan bailey di jalan nasional menuju Ibu Kota Nusantara atau IKN yakni Ruas Jalan Nasional Semoi Dua-Km 38 Samboja yang mengalami kerusakan akibat curah hujan tinggi. https://t.co/lTQyN8pGn3,kementerian pekerjaan umum pu akan melakukan pemasangan jembatan bailey di jalan nasion menuju ibu kota nusantara atau ikn yakni rua jalan nasion semoi duakm 38 samboja yang mengalami kerusakan akibat curah hujan tinggi,Negative,0.9902016520500183
Adapun Konoha II menampilkan kantor Ibu Kota Nusantara yang di depannya terdapat dua orang sedang bertelanjang. Di bawahnya ada sekumpulan orang yang sedang menjilat pantat salah satu orang tersebut. Sementara sekelompok petani tampak menunjukkan aksi protes.,_gregetan,Adapun Konoha II menampilkan kantor Ibu Kota Nusantara yang di depannya terdapat dua orang sedang bertelanjang. Di bawahnya ada sekumpulan orang yang sedang menjilat pantat salah satu orang tersebut. Sementara sekelompok petani tampak menunjukkan aksi protes.,adapun konoha ii menampilkan kantor ibu kota nusantara yang di depannya terdapat dua orang sedang bertelanjang di bawahnya ada sekumpulan orang yang sedang menjilat pantat salah satu orang tersebut sementara sekelompok petani tampak menunjukkan aksi prote,Negative,0.9896083474159241
Ibu Kota Nusantara Komitmen Pembangunan IKN Sebagai Kota Hijau https://t.co/hUgP4EFpdB,LesterFarhan,Ibu Kota Nusantara Komitmen Pembangunan IKN Sebagai Kota Hijau https://t.co/hUgP4EFpdB,ibu kota nusantara komitmen pembangunan ikn sebagai kota hijau,Negative,0.9754448533058167
Pemindahan Ibu Kota Ke IKN Nusantara Kebutuhan Pemerataan Pembangunan https://t.co/1mFrgdtcAe,LesterFarhan,Pemindahan Ibu Kota Ke IKN Nusantara Kebutuhan Pemerataan Pembangunan https://t.co/1mFrgdtcAe,pemindahan ibu kota ke ikn nusantara kebutuhan pemerataan pembangunan,Negative,0.9275050759315491
Ibu Kota Nusantara Komitmen Pembangunan IKN Sebagai Kota Hijau https://t.co/Vz1viZ54SJ,allegory1318,Ibu Kota Nusantara Komitmen Pembangunan IKN Sebagai Kota Hijau https://t.co/Vz1viZ54SJ,ibu kota nusantara komitmen pembangunan ikn sebagai kota hijau,Negative,0.9754448533058167
Ibu Kota Nusantara adalah investasi untuk masa depan yang lebih merata #IKN #IKNNusantara #Nusantara https://t.co/S2e0bXNib4,LesterFarhan,Ibu Kota Nusantara adalah investasi untuk masa depan yang lebih merata #IKN #IKNNusantara #Nusantara https://t.co/S2e0bXNib4,ibu kota nusantara adalah investasi untuk masa depan yang lebih merata,Negative,0.9061188101768494
Ibu Kota Nusantara adalah investasi untuk masa depan yang lebih merata #IKN #IKNNusantara #Nusantara https://t.co/5dPQzxNhVt,kellytiemikino,Ibu Kota Nusantara adalah investasi untuk masa depan yang lebih merata #IKN #IKNNusantara #Nusantara https://t.co/5dPQzxNhVt,ibu kota nusantara adalah investasi untuk masa depan yang lebih merata,Negative,0.9061188101768494
Ibu Kota Nusantara adalah investasi untuk masa depan yang lebih merata #IKN #IKNNusantara #Nusantara https://t.co/nYwV5D4mxJ,kellytiemikino,Ibu Kota Nusantara adalah investasi untuk masa depan yang lebih merata #IKN #IKNNusantara #Nusantara https://t.co/nYwV5D4mxJ,ibu kota nusantara adalah investasi untuk masa depan yang lebih merata,Negative,0.9061188101768494
Sedang IKN adalah Ibu Kota Nusantara ! Pinter juga ya bapak ini https://t.co/3pwxVUT8go,Penyair_Berdiri,Sedang IKN adalah Ibu Kota Nusantara ! Pinter juga ya bapak ini https://t.co/3pwxVUT8go,sedang ikn adalah ibu kota nusantara pinter juga ya bapak ini,Negative,0.9839045405387878
@hnirankara emang tinja (hatinya jahat) tu mul02,Nusantara2025,@hnirankara emang tinja (hatinya jahat) tu mul02,emang tinja hatinya jahat tu mul02,Negative,0.9643256664276123
@AirinDatangLagi Lho gimana ceritanya ini kirain segera pindah ke IKN Karena Presiden Joko Widodo meresmikan Istana Garuda di Ibu Kota Nusantara (IKN) Oktober 2024 lalu.,AqiaqiH,@AirinDatangLagi Lho gimana ceritanya ini kirain segera pindah ke IKN Karena Presiden Joko Widodo meresmikan Istana Garuda di Ibu Kota Nusantara (IKN) Oktober 2024 lalu.,lho gimana ceritanya ini kirain segera pindah ke ikn karena presiden joko widodo meresmikan istana garuda di ibu kota nusantara ikn oktob 2024 lalu,Negative,0.9892926216125488
 IKN: Simbol Pembangunan Ramah Lingkungan Presiden Prabowo menegaskan bahwa pembangunan Ibu Kota Nusantara (IKN) akan memprioritaskan prinsip ramah lingkungan. #IKNRamahLingkungan #PembangunanBerkelanjutan #IndonesiaMaju #GreenCity https://t.co/HULPYcZ1Ys,Ranger_pink21, IKN: Simbol Pembangunan Ramah Lingkungan Presiden Prabowo menegaskan bahwa pembangunan Ibu Kota Nusantara (IKN) akan memprioritaskan prinsip ramah lingkungan. #IKNRamahLingkungan #PembangunanBerkelanjutan #IndonesiaMaju #GreenCity https://t.co/HULPYcZ1Ys,ikn simbol pembangunan ramah lingkungan presiden prabowo menegaskan bahwa pembangunan ibu kota nusantara ikn akan memprioritaskan prinsip ramah lingkungan,Negative,0.9898558855056763
 IKN: Simbol Pembangunan Ramah Lingkungan Presiden Prabowo menegaskan bahwa pembangunan Ibu Kota Nusantara (IKN) akan memprioritaskan prinsip ramah lingkungan. #IKNRamahLingkungan #PembangunanBerkelanjutan #IndonesiaMaju #GreenCity https://t.co/cfguGk18f3,Ranger_pink21, IKN: Simbol Pembangunan Ramah Lingkungan Presiden Prabowo menegaskan bahwa pembangunan Ibu Kota Nusantara (IKN) akan memprioritaskan prinsip ramah lingkungan. #IKNRamahLingkungan #PembangunanBerkelanjutan #IndonesiaMaju #GreenCity https://t.co/cfguGk18f3,ikn simbol pembangunan ramah lingkungan presiden prabowo menegaskan bahwa pembangunan ibu kota nusantara ikn akan memprioritaskan prinsip ramah lingkungan,Negative,0.9898558855056763
 IKN: Simbol Pembangunan Ramah Lingkungan Presiden Prabowo menegaskan bahwa pembangunan Ibu Kota Nusantara (IKN) akan memprioritaskan prinsip ramah lingkungan. #IKNRamahLingkungan #PembangunanBerkelanjutan #IndonesiaMaju #GreenCity https://t.co/3HbHeCuUm0,Ranger_pink21, IKN: Simbol Pembangunan Ramah Lingkungan Presiden Prabowo menegaskan bahwa pembangunan Ibu Kota Nusantara (IKN) akan memprioritaskan prinsip ramah lingkungan. #IKNRamahLingkungan #PembangunanBerkelanjutan #IndonesiaMaju #GreenCity https://t.co/3HbHeCuUm0,ikn simbol pembangunan ramah lingkungan presiden prabowo menegaskan bahwa pembangunan ibu kota nusantara ikn akan memprioritaskan prinsip ramah lingkungan,Negative,0.9898558855056763
Malaysia perlu membantu Indonesia dalam proses transisi tenaga boleh baharu memandangkan pembangunan Ibu Kota Negara (IKN) Nusantara sedang pesar dibangunkan. #AWANInews #AWANI745 https://t.co/CvKL61kXw8,501Awani,Malaysia perlu membantu Indonesia dalam proses transisi tenaga boleh baharu memandangkan pembangunan Ibu Kota Negara (IKN) Nusantara sedang pesar dibangunkan. #AWANInews #AWANI745 https://t.co/CvKL61kXw8,malaysia perlu membantu indonesia dalam prose transisi tenaga boleh baharu memandangkan pembangunan ibu kota negara ikn nusantara sedang pesar dibangunkan,Negative,0.8582437038421631
Presiden Prabowo memiliki visi besar menjadikan Ibu Kota Nusantara (IKN) sebagai pusat pemerintahan yang modern lengkap dan menyeluruh. #IbuKotaNusantara #IKNMaju #PembangunanIKN #IndonesiaMasaDepan https://t.co/uyK0QTgqqn,jarotsujarot11,Presiden Prabowo memiliki visi besar menjadikan Ibu Kota Nusantara (IKN) sebagai pusat pemerintahan yang modern lengkap dan menyeluruh. #IbuKotaNusantara #IKNMaju #PembangunanIKN #IndonesiaMasaDepan https://t.co/uyK0QTgqqn,presiden prabowo memiliki visi besar menjadikan ibu kota nusantara ikn sebagai pusat pemerintahan yang modern lengkap dan menyeluruh,Negative,0.9376235008239746
Dalam sesi tanya jawab antar paslon debat terakhir Pilkada DKI Jakarta 2024 Cagub nomor urut 3 Pramono Anung menyebut dirinya lebih terlibat dalam pembangunan Ibu Kota Nusantara I KN daripada Cagub nomor urut 1 Ridwan Kamil. https://t.co/ns6OyEQSsE https://t.co/mzI0gRlo1G,CNNIDdaily,Dalam sesi tanya jawab antar paslon debat terakhir Pilkada DKI Jakarta 2024 Cagub nomor urut 3 Pramono Anung menyebut dirinya lebih terlibat dalam pembangunan Ibu Kota Nusantara I KN daripada Cagub nomor urut 1 Ridwan Kamil. https://t.co/ns6OyEQSsE https://t.co/mzI0gRlo1G,dalam sesi tanya jawab antar paslon debat terakhir pilkada dki jakarta 2024 cagub nomor urut pramono anung menyebut dirinya lebih terlibat dalam pembangunan ibu kota nusantara kn daripada cagub nomor urut ridwan kamil,Negative,0.9821715354919434
 *OPEN RECRUITMENT TIM KKN PELITA NUSANTARA PERIODE II 2025* *HALO Pelinusian* *Pengen ikut KKN ke luar Jawa??* *Pengen tau lebih dalam mengenai Ibu Kota Nusantara??*Ô∏è Sudah tau kan rencana kepindahan Ibukota ke Penajam Paser Utara tepatnya di Ibu Kota https://t.co/xBU3wI77sF,UGM_FESS, *OPEN RECRUITMENT TIM KKN PELITA NUSANTARA PERIODE II 2025* *HALO Pelinusian* *Pengen ikut KKN ke luar Jawa??* *Pengen tau lebih dalam mengenai Ibu Kota Nusantara??*Ô∏è Sudah tau kan rencana kepindahan Ibukota ke Penajam Paser Utara tepatnya di Ibu Kota https://t.co/xBU3wI77sF,open recruit tim kkn pelita nusantara period ii 2025 halo pelinusian pengen ikut kkn ke luar jawa pengen tau lebih dalam mengenai ibu kota nusantara sudah tau kan rencana kepindahan ibukota ke penajam paser utara tepatnya di ibu kota,Negative,0.9097477793693542
@fransiskusjurin @__AnakKolong Jakarta ibu kota negara RI Kalimantan ibu kota Nusantara Ngunu yo noo..,Sigromilir01,@fransiskusjurin @__AnakKolong Jakarta ibu kota negara RI Kalimantan ibu kota Nusantara Ngunu yo noo..,jakarta ibu kota negara ri kalimantan ibu kota nusantara ngunu yo noo,Negative,0.7947491407394409
Proses kepindahan Aparatur Sipil Negara (ASN) ke Ibu Kota Nusantara (IKN) akan berlangsung dalam dua tahap yakni pada 2025 dan 2028. #BonusDemografi #IndonesiaEmas2045 #MewarnaiIndonesia '#IKNNusantara #PemindahanASN #Infrastruktur https://t.co/oyDdKXrhHl,Faktacom_,Proses kepindahan Aparatur Sipil Negara (ASN) ke Ibu Kota Nusantara (IKN) akan berlangsung dalam dua tahap yakni pada 2025 dan 2028. #BonusDemografi #IndonesiaEmas2045 #MewarnaiIndonesia '#IKNNusantara #PemindahanASN #Infrastruktur https://t.co/oyDdKXrhHl,prose kepindahan aparatur sipil negara asn ke ibu kota nusantara ikn akan berlangsung dalam dua tahap yakni pada 2025 dan 2028,Negative,0.9537071585655212
Indonesia akan mencatat sejarah baru dengan pembangunan tol bawah laut pertama di tanah air bagian dari megaproyek Ibu Kota Negara (IKN) Nusantara. Inilah Tol Bawah Laut IKN Nusantara: Antara Ambisi Megaproyek dan Tantangan Lingkungan https://t.co/kVTTh9ApLQ,GRAHAMEDIA2023,Indonesia akan mencatat sejarah baru dengan pembangunan tol bawah laut pertama di tanah air bagian dari megaproyek Ibu Kota Negara (IKN) Nusantara. Inilah Tol Bawah Laut IKN Nusantara: Antara Ambisi Megaproyek dan Tantangan Lingkungan https://t.co/kVTTh9ApLQ,indonesia akan mencatat sejarah baru dengan pembangunan tol bawah laut pertama di tanah air bagian dari megaproyek ibu kota negara ikn nusantara inilah tol bawah laut ikn nusantara antara ambisi megaproyek dan tantangan lingkungan,Negative,0.9347319602966309
Menteri Dalam Negeri (Mendagri) Tito Karnavian menegaskan status Jakarta saat ini masih menjadi Ibu Kota. Penegasan itu lantaran saat ini Keputusan Presiden (Keppres) terkait Ibu Kota Nusantara (IKN) belum diterbitkan oleh Presiden Prabowo Subianto. Masih di Jakarta (Ibu https://t.co/QTK9skNlN7,tvOneNews,Menteri Dalam Negeri (Mendagri) Tito Karnavian menegaskan status Jakarta saat ini masih menjadi Ibu Kota. Penegasan itu lantaran saat ini Keputusan Presiden (Keppres) terkait Ibu Kota Nusantara (IKN) belum diterbitkan oleh Presiden Prabowo Subianto. Masih di Jakarta (Ibu https://t.co/QTK9skNlN7,menteri dalam negeri mendagri tito karnavian menegaskan statu jakarta saat ini masih menjadi ibu kota penegasan itu lantaran saat ini keputusan presiden keppr terkait ibu kota nusantara ikn belum diterbitkan oleh presiden prabowo subianto masih di jakarta ibu,Negative,0.9887950420379639
Pemindahan ibu kota dari Jakarta ke Nusantara masih menunggu Keppres Prabowo. Jakarta tetap ibu kota hingga infrastruktur IKN siap. https://t.co/obBLYzj1Hf,detikcom,Pemindahan ibu kota dari Jakarta ke Nusantara masih menunggu Keppres Prabowo. Jakarta tetap ibu kota hingga infrastruktur IKN siap. https://t.co/obBLYzj1Hf,pemindahan ibu kota dari jakarta ke nusantara masih menunggu keppr prabowo jakarta tetap ibu kota hingga infrastruktur ikn siap,Negative,0.9660645723342896
Pembangunan Ibu Kota Negara (IKN) di Kalimantan Timur mencerminkan visi jangka panjang Indonesia sebagai negara modern dan ramah lingkungan. Proyek ini menjadi simbol keberlanjutan dan kemajuan sekaligus menarik perhatian dunia terhadap potensi besar Indonesia. https://t.co/8EQDEwlp0J,NusantaraMonit,Pembangunan Ibu Kota Negara (IKN) di Kalimantan Timur mencerminkan visi jangka panjang Indonesia sebagai negara modern dan ramah lingkungan. Proyek ini menjadi simbol keberlanjutan dan kemajuan sekaligus menarik perhatian dunia terhadap potensi besar Indonesia. https://t.co/8EQDEwlp0J,pembangunan ibu kota negara ikn di kalimantan timur mencerminkan visi jangka panjang indonesia sebagai negara modern dan ramah lingkungan proyek ini menjadi simbol keberlanjutan dan kemajuan sekaligu menarik perhatian dunia terhadap potensi besar indonesia,Negative,0.9075908660888672
Ibu Kota Negara (IKN) dirancang sebagai kota pintar dengan infrastruktur efisien dan ramah lingkungan. Proyek ini menjadi simbol modernisasi dan keberlanjutan untuk masa depan Indonesia yang lebih hijau dan maju. #IKNKotaPintar #InfrastrukturBerkelanjutan https://t.co/7krCDVjnlC,NusantaraMonit,Ibu Kota Negara (IKN) dirancang sebagai kota pintar dengan infrastruktur efisien dan ramah lingkungan. Proyek ini menjadi simbol modernisasi dan keberlanjutan untuk masa depan Indonesia yang lebih hijau dan maju. #IKNKotaPintar #InfrastrukturBerkelanjutan https://t.co/7krCDVjnlC,ibu kota negara ikn dirancang sebagai kota pintar dengan infrastruktur efisien dan ramah lingkungan proyek ini menjadi simbol modernisasi dan keberlanjutan untuk masa depan indonesia yang lebih hijau dan maju,Negative,0.9415430426597595
Pembangunan Ibu Kota Nusantara (IKN) terus menunjukkan perkembangan yang pesat dan lancar! Proyek strategis ini membuktikan keseriusan pemerintah dalam menghadirkan pusat pemerintahan baru yang modern dan berkelanjutan. #IKN #IbuKotaNusantara #IndonesiaMaju #PembangunanNasional https://t.co/flFMBgBIZ4,Ranger_pink21,Pembangunan Ibu Kota Nusantara (IKN) terus menunjukkan perkembangan yang pesat dan lancar! Proyek strategis ini membuktikan keseriusan pemerintah dalam menghadirkan pusat pemerintahan baru yang modern dan berkelanjutan. #IKN #IbuKotaNusantara #IndonesiaMaju #PembangunanNasional https://t.co/flFMBgBIZ4,pembangunan ibu kota nusantara ikn teru menunjukkan perkembangan yang pesat dan lancar proyek strategi ini membuktikan keseriusan pemerintah dalam menghadirkan pusat pemerintahan baru yang modern dan berkelanjutan,Negative,0.9737333059310913
Pembangunan Ibu Kota Nusantara (IKN) terus menunjukkan perkembangan yang pesat dan lancar! Proyek strategis ini membuktikan keseriusan pemerintah dalam menghadirkan pusat pemerintahan baru yang modern dan berkelanjutan. #IKN #IbuKotaNusantara #IndonesiaMaju #PembangunanNasional https://t.co/M5vsrbTF7V,Ranger_pink21,Pembangunan Ibu Kota Nusantara (IKN) terus menunjukkan perkembangan yang pesat dan lancar! Proyek strategis ini membuktikan keseriusan pemerintah dalam menghadirkan pusat pemerintahan baru yang modern dan berkelanjutan. #IKN #IbuKotaNusantara #IndonesiaMaju #PembangunanNasional https://t.co/M5vsrbTF7V,pembangunan ibu kota nusantara ikn teru menunjukkan perkembangan yang pesat dan lancar proyek strategi ini membuktikan keseriusan pemerintah dalam menghadirkan pusat pemerintahan baru yang modern dan berkelanjutan,Negative,0.9737333059310913
Pembangunan Ibu Kota Nusantara (IKN) terus menunjukkan perkembangan yang pesat dan lancar! Proyek strategis ini membuktikan keseriusan pemerintah dalam menghadirkan pusat pemerintahan baru yang modern dan berkelanjutan. #IKN #IbuKotaNusantara #IndonesiaMaju #PembangunanNasional https://t.co/YJsMeEXgwr,Ranger_pink21,Pembangunan Ibu Kota Nusantara (IKN) terus menunjukkan perkembangan yang pesat dan lancar! Proyek strategis ini membuktikan keseriusan pemerintah dalam menghadirkan pusat pemerintahan baru yang modern dan berkelanjutan. #IKN #IbuKotaNusantara #IndonesiaMaju #PembangunanNasional https://t.co/YJsMeEXgwr,pembangunan ibu kota nusantara ikn teru menunjukkan perkembangan yang pesat dan lancar proyek strategi ini membuktikan keseriusan pemerintah dalam menghadirkan pusat pemerintahan baru yang modern dan berkelanjutan,Negative,0.9737333059310913
@opposite6892 cupeti cuma pegang2 tit**,Nusantara2025,@opposite6892 cupeti cuma pegang2 tit**,cupeti cuma pegang2 tit,Negative,0.9940240979194641
Ibu Kota Nusantara komitmen pembangunan IKN sebagai kota hijau #IKN https://t.co/wxwf5nnRqU,ezmei18,Ibu Kota Nusantara komitmen pembangunan IKN sebagai kota hijau #IKN https://t.co/wxwf5nnRqU,ibu kota nusantara komitmen pembangunan ikn sebagai kota hijau,Negative,0.9754448533058167
Ibu Kota Nusantara komitmen pembangunan IKN sebagai kota hijau serta ramah lingkungan dan energi #IKN #IKNNusantara #Nusantara https://t.co/jbCcBX8IlJ,kellytiemikino,Ibu Kota Nusantara komitmen pembangunan IKN sebagai kota hijau serta ramah lingkungan dan energi #IKN #IKNNusantara #Nusantara https://t.co/jbCcBX8IlJ,ibu kota nusantara komitmen pembangunan ikn sebagai kota hijau serta ramah lingkungan dan energi,Negative,0.9619235396385193
Ibu Kota Nusantara komitmen pembangunan IKN sebagai kota hijau serta ramah lingkungan dan energi #IKN #IKNNusantara #Nusantara https://t.co/pcczBVBByE,kellytiemikino,Ibu Kota Nusantara komitmen pembangunan IKN sebagai kota hijau serta ramah lingkungan dan energi #IKN #IKNNusantara #Nusantara https://t.co/pcczBVBByE,ibu kota nusantara komitmen pembangunan ikn sebagai kota hijau serta ramah lingkungan dan energi,Negative,0.9619235396385193
