full_text;"username"""""""
Saya telah menang semuanya - Messi Messi sudah berjaya menjulang pelbagai trofi sepanjang kariernya dan mengakui sudah rasa cukup dengan pencapaian yang diraihnya itu. #sinarharian #Messi #PialaDunia https://t.co/7IgXxnmARS;SinarOnline
https://t.co/33cPo9wLCE Sehabis Gareth Southgate menganjurkan supaya dia memilah skuad yang lebih besar UEFA berkata mereka hendak memikirkan permintaan buat mempraktikkan kembali batas 26 pemain. #EURO #Euro2024 #GarethSouthgate #PialaDunia2022 #Pildun #PialaDunia https://t.co/YjZy5V2ccg;BandarBolaTop
Gimana menurut kalian pemain naturalisasi ini gacor GK farm= $BLOCK #TimnasDay #pialadunia #timnasindonesia #PSSI #sepakbola #beritabola https://t.co/faiYjlPiNV;Fajrin_123321
Kelayakan Piala Dunia/Asia: Disebalik kekalahan yang perit Kim Pan Gon turut simpati dengan pemain negara yang dikatakan kekurangan aksi kompetitif ! #NadiArena #AstroArena #PialaDunia #KimPanGon https://t.co/xQu9a1SiuF;ASTROARENA
Kelayakan Piala Dunia/Asia: Dengan kesebelasan pemain yang dimiliki Malaysia sepatutnya mampu catat keputusan yang lebih baik di bukit Jalil! - Datuk K. Rajagobal #NadiArena #AstroArena #PialaDunia #KimPanGon https://t.co/MagnLEF8YD;ASTROARENA
Bagai dah jatuh ditimpa tangga..Nasib Azam Azmi tambah malang kerana mungkin terpaksa lupakan aksi di Qatar akibat kecederaan yang dialami ketika aksi Malaysia dengan Oman! ‍️‍️ #NadiArena #AstroArena #PialaDunia https://t.co/pab5l0UVmr;ASTROARENA
Kelayakan Piala Dunia/Asia: Penjaga gol Oman Ibrahim Al Mukhaini enggan dianggap sebagai wira walau catat kemenangan ke atas Malaysia di tempat lawan! #NadiArena #AstroArena #PialaDunia https://t.co/wYXXr5Ddhb;ASTROARENA
Harapan Indonesia Lolos Semakin Besar 6 Tim ke Putaran Ketiga Kualifikasi Piala Dunia FIFA 2026 #Berita #Seketika #fyp #fypシ #bola #FIFAWorldCup #KualifikasiAsia #SepakBola #TimNasional #PialaDunia #HasilPertandingan https://t.co/IGT6HhLgdl;seketikanet
Walau sempat disindir terus oleh Vietnam Skuad Garuda sukses membuktikan kelas dengan membobol gawang Vietnam 3 gol tanpa balas kemarin malam! Nikmati LIVE STREAMING GRATIS hanya dengan join Telegram Channel yang ada di LINK BIO ️ #TimnasIndonesia #PSSI #PialaDunia https://t.co/u7RozlH6Tf;esnlineofficial
pertandingan BRI liga 1 2023-2024 kamis 28 maret 2024. service berpengalaman akan melayani selama 24 jam nonstop. https://t.co/H3YXoCJZOR #liga365 #jadwalbola #pialadunia #fifa #argentina #prancis #agenbola #bandarbola #judibola #taruhanbola #sportbook #bettingbola https://t.co/37Bp8Yj3QB;situs_liga365
#BuletinBernama : Kekalahan kepada Oman dalam kempen pusingan kedua kelayakan Piala Dunia 2026/Piala Asia 2027 bukanlah pengakhiran buat Malaysia. #digitalbernamatv #pialadunia #pialaasia #KimPanGon https://t.co/DDZCwyjj3Z;BernamaTV
Romo Magnis Bela Paus Fransiskus soal Seruan agar Ukraina Angkat Bendera Putih dalam Perang Vs Rusia #Pausfransiskus #gerejakatolik #bangjay #ormas #pialadunia via @katoliknews https://t.co/9NbK8dJRKa;KatolikNews
Doa mimin dan Electrizen Indonesia maju ke fase kualifikasi babak ketiga Piala dunia 2026 Berjuang terus kalian ya semangat latihannya kita dukung lewat lampu dan energi listrik ya #Pialadunia #PLN #PLNSULUTTENGGO #PLNuntukIndonesia;pln_suluttenggo
Goallll Indonesia jadi Vietnam 0 - 1 Indonesia #TimnasDay #pialadunia https://t.co/cZFtkVMegU;Jateng_Twit
